point_id,parcel_ref,latitude,longitude,accuracy,elevation_m,fix_type,source,collected_at
GNSS-1002,P-101,28.62497,77.21504,0.015,214.5,RTK_FIXED,Survey of India GNSS Base Network,2026-02-14 11:20:00
GNSS-1003,P-101,28.62497,77.21597,0.019,214.8,RTK_FIXED,Survey of India GNSS Base Network,2026-02-14 11:20:00
GNSS-1004,P-101,28.624185,77.21597,0.023,215.1,RTK_FIXED,Survey of India GNSS Base Network,2026-02-14 11:20:00
GNSS-1005,P-101,28.624185,77.21504,0.027,215.4,RTK_FIXED,Survey of India GNSS Base Network,2026-02-14 11:20:00
GNSS-1006,P-102,28.62497,77.2160175,0.015,214.5,RTK_FIXED,Survey of India GNSS Base Network,2026-02-14 11:20:00
GNSS-1007,P-102,28.62497,77.2169775,0.019,214.8,RTK_FIXED,Survey of India GNSS Base Network,2026-02-14 11:20:00
GNSS-1008,P-102,28.624235,77.2169775,0.023,215.1,RTK_FIXED,Survey of India GNSS Base Network,2026-02-14 11:20:00
GNSS-1009,P-102,28.624235,77.2160175,0.027,215.4,RTK_FIXED,Survey of India GNSS Base Network,2026-02-14 11:20:00
GNSS-1010,P-103,28.62497,77.216995,0.015,214.5,RTK_FIXED,Survey of India GNSS Base Network,2026-02-14 11:20:00
GNSS-1011,P-103,28.62497,77.217845,0.019,214.8,RTK_FIXED,Survey of India GNSS Base Network,2026-02-14 11:20:00
GNSS-1012,P-103,28.624205,77.217845,0.023,215.1,RTK_FIXED,Survey of India GNSS Base Network,2026-02-14 11:20:00
GNSS-1013,P-103,28.624205,77.216995,0.027,215.4,RTK_FIXED,Survey of India GNSS Base Network,2026-02-14 11:20:00
GNSS-1014,P-104,28.62497,77.2179725,0.015,214.5,RTK_FIXED,Survey of India GNSS Base Network,2026-02-14 11:20:00
GNSS-1015,P-104,28.62497,77.2188225,0.019,214.8,RTK_FIXED,Survey of India GNSS Base Network,2026-02-14 11:20:00
GNSS-1016,P-104,28.624205,77.2188225,0.023,215.1,RTK_FIXED,Survey of India GNSS Base Network,2026-02-14 11:20:00
GNSS-1017,P-104,28.624205,77.2179725,0.027,215.4,RTK_FIXED,Survey of India GNSS Base Network,2026-02-14 11:20:00
GNSS-1018,P-105,28.6240775,77.21504,0.015,214.5,RTK_FIXED,Survey of India GNSS Base Network,2026-02-14 11:20:00
GNSS-1019,P-105,28.6240775,77.21589,0.019,214.8,RTK_FIXED,Survey of India GNSS Base Network,2026-02-14 11:20:00
GNSS-1020,P-105,28.6233125,77.21589,0.023,215.1,RTK_FIXED,Survey of India GNSS Base Network,2026-02-14 11:20:00
GNSS-1021,P-105,28.6233125,77.21504,0.027,215.4,RTK_FIXED,Survey of India GNSS Base Network,2026-02-14 11:20:00
GNSS-1022,P-106,28.6240775,77.2160175,0.015,214.5,RTK_FIXED,Survey of India GNSS Base Network,2026-02-14 11:20:00
GNSS-1023,P-106,28.6240775,77.2168675,0.019,214.8,RTK_FIXED,Survey of India GNSS Base Network,2026-02-14 11:20:00
GNSS-1024,P-106,28.6233125,77.2168675,0.023,215.1,RTK_FIXED,Survey of India GNSS Base Network,2026-02-14 11:20:00
GNSS-1025,P-106,28.6233125,77.2160175,0.027,215.4,RTK_FIXED,Survey of India GNSS Base Network,2026-02-14 11:20:00
GNSS-1026,P-107,28.6240775,77.216995,0.015,214.5,RTK_FIXED,Survey of India GNSS Base Network,2026-02-14 11:20:00
GNSS-1027,P-107,28.6240775,77.217845,0.019,214.8,RTK_FIXED,Survey of India GNSS Base Network,2026-02-14 11:20:00
GNSS-1028,P-107,28.6233125,77.217845,0.023,215.1,RTK_FIXED,Survey of India GNSS Base Network,2026-02-14 11:20:00
GNSS-1029,P-107,28.6233125,77.216995,0.027,215.4,RTK_FIXED,Survey of India GNSS Base Network,2026-02-14 11:20:00
GNSS-1030,P-108,28.6240775,77.2179725,0.015,214.5,RTK_FIXED,Survey of India GNSS Base Network,2026-02-14 11:20:00
GNSS-1031,P-108,28.6240775,77.2187025,0.019,214.8,RTK_FIXED,Survey of India GNSS Base Network,2026-02-14 11:20:00
GNSS-1032,P-108,28.6233425,77.2187025,0.023,215.1,RTK_FIXED,Survey of India GNSS Base Network,2026-02-14 11:20:00
GNSS-1033,P-108,28.6233425,77.2179725,0.027,215.4,RTK_FIXED,Survey of India GNSS Base Network,2026-02-14 11:20:00
GNSS-1034,P-109,28.623185,77.21504,0.015,214.5,RTK_FIXED,Survey of India GNSS Base Network,2026-02-14 11:20:00
GNSS-1035,P-109,28.623185,77.21589,0.019,214.8,RTK_FIXED,Survey of India GNSS Base Network,2026-02-14 11:20:00
GNSS-1036,P-109,28.62242,77.21589,0.023,215.1,RTK_FIXED,Survey of India GNSS Base Network,2026-02-14 11:20:00
GNSS-1037,P-109,28.62242,77.21504,0.027,215.4,RTK_FIXED,Survey of India GNSS Base Network,2026-02-14 11:20:00
GNSS-1038,P-110,28.623185,77.2160175,0.015,214.5,RTK_FIXED,Survey of India GNSS Base Network,2026-02-14 11:20:00
GNSS-1039,P-110,28.623185,77.2168675,0.019,214.8,RTK_FIXED,Survey of India GNSS Base Network,2026-02-14 11:20:00
GNSS-1040,P-110,28.62242,77.2168675,0.023,215.1,RTK_FIXED,Survey of India GNSS Base Network,2026-02-14 11:20:00
GNSS-1041,P-110,28.62242,77.2160175,0.027,215.4,RTK_FIXED,Survey of India GNSS Base Network,2026-02-14 11:20:00
GNSS-1042,P-111,28.623185,77.216995,0.015,214.5,RTK_FIXED,Survey of India GNSS Base Network,2026-02-14 11:20:00
GNSS-1043,P-111,28.623185,77.217845,0.019,214.8,RTK_FIXED,Survey of India GNSS Base Network,2026-02-14 11:20:00
GNSS-1044,P-111,28.62242,77.217845,0.023,215.1,RTK_FIXED,Survey of India GNSS Base Network,2026-02-14 11:20:00
GNSS-1045,P-111,28.62242,77.216995,0.027,215.4,RTK_FIXED,Survey of India GNSS Base Network,2026-02-14 11:20:00
GNSS-1046,P-112,28.623185,77.2179725,0.015,214.5,RTK_FIXED,Survey of India GNSS Base Network,2026-02-14 11:20:00
GNSS-1047,P-112,28.623185,77.2188225,0.019,214.8,RTK_FIXED,Survey of India GNSS Base Network,2026-02-14 11:20:00
GNSS-1048,P-112,28.62242,77.2188225,0.023,215.1,RTK_FIXED,Survey of India GNSS Base Network,2026-02-14 11:20:00
GNSS-1049,P-112,28.62242,77.2179725,0.027,215.4,RTK_FIXED,Survey of India GNSS Base Network,2026-02-14 11:20:00
